displacement_x,displacement_y,displacement_z,step
0.0,0.0,0.0,0
2.0,-2.0,0.0,1
2.009888032317617,-1.9933846323811397,0.0,2
