angle1,angle2,step
90.0,270.0,0
89.39960489173784,270.3010179622699,1
