arm1,arm2,arm3,step
1.4142135623730951,1.4142135623730951,1.4142135623730951,0
1.4219226565463134,1.4131395537069482,1.4128904610053057,1
